vegetables/fruits,N,P,K,pH,temperature,humidity
chikoo,26,24,38,5.6,20,87
chikoo,37,45,55,5.9,19,85
chikoo,38,30,68,5.3,24,83
chikoo,16,24,10,5.3,22,90
chikoo,21,24,65,5.3,25,85
chikoo,31,79,41,5.3,23,88
chikoo,11,17,39,4.9,23,85
chikoo,21,17,27,4.7,19,87
chikoo,21,12,44,4.6,23,90
chikoo,36,51,45,4.6,25,88
chikoo,33,38,26,4.4,25,80
chikoo,15,29,41,4.1,20,81
chikoo,25,27,56,4.1,24,82
chikoo,46,39,15,4.3,24,89
chikoo,55,39,5,4.1,20,85
chikoo,53,44,23,3.9,22,84
chikoo,24,55,56,5.3,22,88
chikoo,29,41,35,5.7,18,90
chikoo,14,42,36,5.8,24,83
chikoo,18,22,54,6.1,22,85
chikoo,22,16,63,4.8,22,85
chikoo,39,19,42,5.3,20,90
chikoo,23,21,32,5,18,85
chikoo,38,32,45,6.9,20,86
chikoo,26,45,36,4.2,23,85
chikoo,49,11,28,4.2,19,86
chikoo,17,9,44,5.9,22,83
chikoo,8,6,33,6.8,18,87
chikoo,29,19,47,6.9,20,85
chikoo,15,9,11,6.6,24,84
chikoo,22,55,48,7,19,86
chikoo,35,48,26,6.6,20,85
chikoo,15,51,44,4.9,19,86
chikoo,8,25,30,5.5,20,83
chikoo,35,15,40,6.1,20,90
chikoo,19,24,41,5,24,85
chikoo,25,24,44,7,25,83
chikoo,45,29,35,5.5,25,90
chikoo,22,9,49,6.5,25,89
chikoo,12,11,48,5,20,81
chikoo,44,26,48,7,21,83
chikoo,22,26,36,7.2,22,88
chikoo,48,57,56,5.2,20,83
chikoo,30,25,38,5.8,24,85
chikoo,41,9,42,6.5,25,81
chikoo,45,26,36,6.7,20,87
chikoo,35,29,33,7.2,22,83
chikoo,36,29,46,5.8,23,86
chikoo,9,49,38,6.6,23,80
chikoo,15,19,42,5.2,25,81
chikoo,36,24,48,5.6,23,85
chikoo,10,22,36,7.1,21,88
chikoo,29,24,14,5.6,18,90
chikoo,18,16,35,6.1,22,86
chikoo,15,50,36,5,24,85
chikoo,25,15,33,5.7,20,86
chikoo,36,14,39,7,20,84
chikoo,5,20,44,6.7,18,81
chikoo,36,22,25,5,24,88
chikoo,28,25,44,6.7,24,85
chikoo,38,25,41,6.7,21,89
chikoo,15,25,45,6.5,21,81
chikoo,19,35,39,6.3,21,83
chikoo,15,35,36,5.9,24,87
chikoo,8,8,41,5.5,25,81
chikoo,42,28,44,4.9,25,86
chikoo,26,24,46,5.3,25,87
chikoo,28,29,39,5.5,20,84
chikoo,26,35,43,5.3,22,86
chikoo,5,18,44,6,23,90
chikoo,6,33,49,6.2,23,82
chikoo,28,9,55,5.9,23,84
chikoo,5,24,45,6.7,19,90
chikoo,25,15,34,6.5,19,82
chikoo,18,16,42,6.3,24,84
chikoo,25,28,49,5.1,25,86
chikoo,19,26,43,5.7,22,84
chikoo,26,18,41,4.7,25,90
chikoo,9,29,34,5.6,18,82
chikoo,13,45,22,6.8,20,86
chikoo,35,15,29,6.4,23,86
chikoo,15,24,39,5.6,24,90
chikoo,16,29,32,6.3,19,88
chikoo,25,34,25,6.3,21,84
chikoo,29,44,35,6.1,19,88
chikoo,16,35,26,6.4,19,90
chikoo,26,15,19,5.9,23,85
chikoo,35,25,15,6.5,19,84
chikoo,24,16,39,4.2,24,82
chikoo,7,27,32,5.1,17,86
chikoo,11,43,20,6.3,19,88
chikoo,33,13,27,5.9,22,88
chikoo,13,22,37,5.1,23,81
chikoo,14,27,30,5.8,19,86
chikoo,23,32,23,5.8,20,81
chikoo,27,42,33,5.6,18,81
chikoo,14,33,24,5.9,18,85
chikoo,24,13,17,5.4,22,88
chikoo,33,23,13,6,18,89
chikoo,15,22,34,6.3,24,82
wheat,77,35,26,5.4,26,78
wheat,48,25,27,5.4,27,82
wheat,51,29,33,6.5,25,83
wheat,74,28,27,5.6,26,67
wheat,84,29,28,5.5,24,67
wheat,88,23,24,5.8,25,80
wheat,51,25,31,6.1,23,84
wheat,58,31,28,5.6,24,70
wheat,55,43,32,6.7,26,78
wheat,62,28,28,5.8,25,67
wheat,77,41,32,6.7,25,84
wheat,82,40,31,6,26,70
wheat,53,30,32,6,23,84
wheat,56,34,38,7.1,25,66
wheat,79,33,32,6.2,25,75
wheat,89,34,33,6.1,24,67
wheat,93,28,29,6.4,23,77
wheat,56,30,36,6.7,26,74
wheat,63,36,33,6.2,27,70
wheat,60,48,37,7.3,24,69
wheat,67,33,33,6.4,25,68
wheat,82,46,37,7.3,23,75
wheat,67,39,38,6,27,70
wheat,82,34,31,6.3,23,73
wheat,53,48,33,7,24,85
wheat,60,36,31,7.3,24,76
wheat,63,31,28,7,26,80
wheat,67,42,31,7.5,25,72
wheat,83,33,32,6.6,25,77
wheat,75,28,37,6.2,26,74
wheat,66,38,30,6.7,24,83
wheat,78,46,31,6.6,24,74
wheat,74,49,29,7.1,25,69
wheat,77,48,31,7,23,66
wheat,73,38,35,7.4,24,81
wheat,69,47,38,6.2,25,79
wheat,69,49,32,6.6,24,77
wheat,74,33,38,6.4,23,78
wheat,69,37,38,6.7,24,67
wheat,62,40,33,6.1,24,70
wheat,75,33,38,6.7,25,72
wheat,62,50,28,6.2,26,72
wheat,74,29,31,6.3,25,78
wheat,60,53,31,7.2,23,82
wheat,65,44,33,7.4,25,74
wheat,58,32,38,6.8,25,76
wheat,71,43,36,6.4,26,77
wheat,70,45,34,6.1,26,69
wheat,82,45,35,6.1,26,79
wheat,55,42,30,7.5,26,69
wheat,83,41,38,6.5,25,74
wheat,59,40,29,6.6,23,77
wheat,73,45,32,7.2,26,83
wheat,82,45,38,7.2,23,75
wheat,70,44,37,7.1,26,83
wheat,87,30,34,6.5,26,76
wheat,68,34,28,6.9,27,68
wheat,53,48,29,7.1,26,68
wheat,55,49,28,6.2,27,77
wheat,77,33,35,6.7,24,74
wheat,93,49,33,7.4,26,84
wheat,68,49,37,6.1,25,72
wheat,71,39,35,7.1,25,70
wheat,75,41,29,6.4,23,77
wheat,93,51,34,6.7,24,79
wheat,81,43,33,7.1,24,79
wheat,60,34,33,7.3,26,75
wheat,65,35,36,6.4,24,70
wheat,82,33,36,7.1,24,82
wheat,82,50,36,7,25,75
wheat,54,34,37,6.5,25,77
wheat,72,38,36,7.2,25,72
wheat,77,33,36,7.2,23,85
wheat,91,36,28,7.3,24,73
wheat,68,29,37,6.6,27,74
wheat,82,51,28,6.1,27,76
wheat,84,34,30,6.1,25,76
wheat,70,41,29,7.4,24,82
wheat,59,51,28,7.3,23,74
wheat,55,52,34,7.2,26,66
wheat,75,28,28,7.3,24,74
wheat,54,34,28,6.8,26,67
wheat,92,50,31,6.4,26,69
wheat,63,35,36,6.5,27,72
wheat,83,52,28,7.1,27,76
wheat,66,36,35,6.3,24,82
wheat,60,39,37,7.1,27,66
wheat,77,30,35,6.7,27,75
wheat,65,34,29,6.2,23,69
wheat,64,49,30,6.5,26,70
wheat,57,46,31,6.9,24,71
wheat,58,47,32,7.1,25,69
wheat,53,51,30,6.1,23,84
wheat,79,32,36,6.4,27,81
wheat,83,43,37,6.3,24,82
wheat,84,31,29,7.3,24,83
wheat,80,41,31,7.2,24,77
wheat,65,34,29,6.1,25,78
wheat,64,47,28,7.3,24,69
wheat,75,39,34,6.6,27,81
wheat,64,45,36,6.7,26,71
wheat,73,36,36,6,24,84
wheat,70,48,36,6.7,23,74
wheat,88,50,34,6.4,23,70
wheat,56,40,28,7.4,23,74
wheat,86,36,31,7,23,79
wheat,80,37,36,6.7,28,73
wheat,81,45,32,6.9,25,71
wheat,83,32,30,6.9,27,79
wheat,83,32,36,6.8,26,66
wheat,77,31,36,7.3,27,58
sugarcane,55,62,44,5.6,21,77
sugarcane,52,40,39,6,22,76
sugarcane,39,41,49,6.4,23,78
sugarcane,33,59,47,5.5,26,75
sugarcane,25,62,39,5.7,20,77
sugarcane,64,62,39,5.5,23,79
sugarcane,62,56,44,6.2,23,78
sugarcane,28,59,41,5.4,20,78
sugarcane,32,62,48,6.1,25,79
sugarcane,63,58,41,5.8,23,78
sugarcane,52,45,35,6.2,27,77
sugarcane,58,65,47,5.9,24,77
sugarcane,55,43,42,6.3,27,76
sugarcane,42,44,52,6.7,24,77
sugarcane,36,62,50,5.8,26,76
sugarcane,28,65,42,6,24,76
sugarcane,67,65,42,5.8,22,78
sugarcane,65,59,47,6.5,24,76
sugarcane,31,62,44,5.7,22,75
sugarcane,35,65,51,6.4,24,79
sugarcane,66,61,44,6.1,21,76
sugarcane,55,48,44,6.5,25,78
sugarcane,56,44,50,6.1,22,76
sugarcane,41,61,51,6.1,21,78
sugarcane,53,54,45,6,23,77
sugarcane,66,57,51,6.1,25,76
sugarcane,53,55,46,6.4,26,79
sugarcane,46,52,50,5.8,25,76
sugarcane,35,48,49,5.8,21,80
sugarcane,51,62,44,6.1,22,76
sugarcane,54,54,48,6.6,21,80
sugarcane,36,49,50,6.6,22,76
sugarcane,55,64,42,6.4,25,78
sugarcane,58,61,49,6.2,20,77
sugarcane,31,59,52,5.9,26,79
sugarcane,28,45,42,5.9,27,77
sugarcane,44,43,49,6.6,27,76
sugarcane,29,65,49,6.3,24,78
sugarcane,33,56,43,6.4,21,78
sugarcane,58,48,48,6.7,24,79
sugarcane,67,51,43,6,23,77
sugarcane,41,53,46,6.5,26,79
sugarcane,31,65,48,5.8,26,75
sugarcane,47,56,44,6.7,24,80
sugarcane,36,67,49,6.3,26,78
sugarcane,31,58,46,5.9,25,76
sugarcane,41,57,52,5.9,25,80
sugarcane,28,59,49,6.5,23,80
sugarcane,62,59,48,6.4,22,76
sugarcane,41,54,50,5.9,25,76
sugarcane,47,44,45,6,23,78
sugarcane,40,47,45,5.7,20,76
sugarcane,57,43,50,6,24,78
sugarcane,67,65,52,6.6,22,77
sugarcane,56,59,49,6.3,26,79
sugarcane,57,55,48,6.2,23,80
sugarcane,39,57,44,6.7,26,79
sugarcane,32,63,44,6.5,24,78
sugarcane,31,62,45,6.6,20,77
sugarcane,33,51,43,6.5,22,76
sugarcane,36,61,49,6.7,20,78
sugarcane,34,49,44,6.1,26,79
sugarcane,30,44,43,6.2,21,79
sugarcane,31,45,45,6.6,22,76
sugarcane,46,51,47,5.9,20,79
sugarcane,37,62,46,6.2,24,78
sugarcane,65,49,46,6.6,21,76
sugarcane,47,43,49,5.7,26,77
sugarcane,62,60,47,5.9,24,76
sugarcane,37,46,44,6,23,76
sugarcane,39,50,45,6.5,25,79
sugarcane,46,52,48,6.2,23,77
sugarcane,56,59,46,6.1,25,78
sugarcane,60,55,44,6.3,21,78
sugarcane,67,62,49,6.5,26,80
sugarcane,60,47,49,6.3,22,77
sugarcane,37,61,44,6,27,77
sugarcane,60,55,47,6.6,25,77
sugarcane,42,55,46,6.2,27,77
sugarcane,63,66,44,5.8,23,79
sugarcane,51,64,49,6,26,76
sugarcane,66,64,49,5.9,25,78
sugarcane,64,65,46,6.1,26,76
sugarcane,42,54,44,6.6,26,80
sugarcane,53,47,49,5.8,25,76
sugarcane,67,47,50,6.3,22,79
sugarcane,41,44,42,5.8,23,77
sugarcane,47,57,44,6.6,25,77
sugarcane,49,48,50,6.7,24,76
sugarcane,32,65,42,6,21,79
sugarcane,65,66,49,6.5,27,77
sugarcane,29,52,49,5.8,24,79
sugarcane,29,52,48,6.6,27,75
sugarcane,45,59,44,6.5,26,79
sugarcane,36,66,50,6,23,78
sugarcane,46,58,42,6.4,23,79
sugarcane,45,54,51,5.9,22,77
sugarcane,66,63,46,6.1,21,79
sugarcane,50,52,52,6.6,27,80
sugarcane,35,58,49,6.2,34,79
sugarcane,54,61,52,6.7,26,80
methi,15,60,25,7.1,17,60
methi,13,79,28,7.1,19,47
methi,9,77,30,6.7,18,55
methi,10,71,31,7.2,19,56
methi,34,82,32,7.7,18,50
methi,46,80,23,7.3,20,49
methi,47,81,25,7.5,21,51
methi,44,64,30,7.8,17,49
methi,38,62,32,7,18,54
methi,29,69,30,7.4,18,51
methi,10,80,26,7.8,21,41
methi,10,55,20,6.4,19,41
methi,8,74,23,6.4,20,52
methi,4,72,25,6,19,54
methi,5,66,26,6.5,18,47
methi,29,77,27,7,19,46
methi,41,75,18,6.6,21,42
methi,42,76,20,6.8,20,39
methi,39,59,25,7.1,17,40
methi,33,57,27,6.3,21,39
methi,24,64,25,6.7,17,51
methi,5,75,21,7.1,20,57
methi,6,77,19,6.7,18,45
methi,15,58,27,6.2,19,51
methi,14,63,23,6.3,19,47
methi,6,58,24,6.6,17,45
methi,11,57,24,7.1,18,41
methi,20,63,25,6.5,19,54
methi,34,53,21,6.4,17,49
methi,8,69,18,6.9,17,39
methi,17,74,23,6.7,21,52
methi,2,62,27,7,17,41
methi,32,76,25,6.6,20,56
methi,5,60,19,6.4,18,35
methi,4,75,26,6.6,19,52
methi,12,75,21,6.4,17,40
methi,16,64,28,7,19,55
methi,41,62,26,6.8,19,41
methi,21,69,18,6.9,18,60
methi,20,54,24,6.3,19,37
methi,33,55,18,7,19,57
methi,30,55,28,6.9,20,47
methi,7,62,22,6.9,18,59
methi,18,62,22,6.3,17,40
methi,36,62,22,6.7,19,52
methi,16,66,22,6.6,18,59
methi,24,52,19,6.6,19,50
methi,26,58,20,6.9,19,38
methi,4,76,18,6.5,19,43
methi,28,60,20,6.3,17,52
methi,29,58,18,6.2,19,42
methi,26,67,19,7,20,52
methi,15,71,28,6.8,17,58
methi,8,61,26,7.1,18,56
methi,14,55,26,7.1,18,57
methi,34,76,25,6.7,18,39
methi,8,65,21,7.1,21,54
methi,12,76,23,7.1,20,58
methi,40,74,25,7.1,19,48
methi,19,71,20,6.4,19,38
methi,28,65,27,6.5,18,53
methi,25,72,20,6.6,19,45
methi,34,75,25,7.1,18,41
methi,21,76,22,6.4,19,57
methi,24,57,21,6.3,17,46
methi,30,66,19,6.5,20,37
methi,3,64,24,6.5,21,56
methi,14,64,26,7.1,20,40
methi,38,64,23,6.3,20,39
methi,30,67,24,6.7,21,53
methi,14,68,22,6.9,19,54
methi,24,65,19,6.3,18,55
methi,28,63,25,6.6,19,49
methi,18,62,19,6.3,20,48
methi,16,56,25,7,17,57
methi,35,56,22,6.7,17,48
methi,23,60,20,6.5,21,44
methi,2,66,24,7,21,36
methi,12,72,20,6.8,19,57
methi,32,58,21,6.3,17,45
methi,2,71,20,6.9,17,50
methi,37,71,25,6.5,17,37
methi,9,60,27,6.4,19,44
methi,11,53,20,6.5,20,58
methi,16,71,18,7,19,42
methi,16,73,23,6.9,20,58
methi,38,62,19,6.6,19,52
methi,30,64,24,7,19,48
methi,30,76,19,6.9,20,55
methi,42,58,25,6.9,19,51
methi,12,67,22,7.1,21,58
methi,14,77,22,6.7,19,55
methi,39,74,23,6.7,20,36
methi,2,64,25,6.3,18,49
methi,9,70,28,6.5,21,56
methi,12,53,21,6.4,17,44
methi,41,67,18,7,17,57
methi,28,53,25,6.7,19,44
methi,11,74,20,6.2,19,41
methi,6,56,22,6.8,26,45
methi,40,57,23,7.2,23,45
corn,76,56,14,6.6,64,59
corn,88,52,12,6.4,72,67
corn,73,48,15,6.3,72,67
corn,84,45,22,6.7,58,53
corn,68,57,19,6.2,63,58
corn,87,54,21,6.2,58,53
corn,64,32,19,6.4,67,62
corn,57,51,16,6.4,67,62
corn,80,55,20,6.4,63,58
corn,80,54,16,6.9,67,62
corn,64,43,22,7,73,69
corn,69,49,49,6.5,26,64
corn,59,42,19,7,24,54
corn,78,41,18,7.1,20,61
corn,71,56,23,6.6,18,56
corn,59,36,22,6.4,22,51
corn,66,39,18,6.5,26,66
corn,91,39,19,6.8,25,61
corn,87,58,21,7.1,20,55
corn,74,42,19,7,25,58
corn,65,58,27,6.4,23,69
corn,68,42,21,7.1,25,66
corn,88,47,23,6.7,22,62
corn,60,50,18,6.5,19,54
corn,90,42,18,7,25,63
corn,64,52,23,6.7,18,64
corn,61,56,24,7,25,53
corn,68,45,19,6.8,25,67
corn,59,39,19,6.3,23,58
corn,64,51,21,6.3,18,59
corn,72,53,21,6.5,25,58
corn,75,55,23,6.3,18,51
corn,97,48,17,6.9,18,63
corn,72,54,24,6.4,19,57
corn,81,43,23,6.2,26,61
corn,98,46,18,6.2,25,69
corn,77,49,18,6.9,24,58
corn,92,37,20,6.7,22,55
corn,73,47,17,6.4,23,70
corn,76,46,24,6.4,26,70
corn,85,52,22,6.4,21,68
corn,85,33,27,6.3,19,65
corn,61,41,21,6.4,23,56
corn,82,55,27,6.8,23,53
corn,62,33,25,6.7,25,68
corn,58,44,24,6.3,26,64
corn,96,42,23,6.8,19,64
corn,73,54,20,6.3,22,52
corn,84,53,23,6.3,24,57
corn,96,33,20,6.6,19,61
corn,74,55,20,6.3,24,61
corn,97,54,19,6.3,25,52
corn,58,42,25,6.9,22,59
corn,72,46,19,6.3,25,60
corn,87,58,19,6.6,22,57
corn,67,49,25,6.6,21,57
corn,94,44,24,6.7,25,57
corn,59,58,17,6.3,20,52
corn,72,56,20,6.4,26,64
corn,72,41,25,6.9,19,61
corn,61,41,19,6.6,21,55
corn,97,34,22,6.9,25,64
corn,75,34,25,6.3,20,57
corn,85,58,25,6.4,18,68
corn,58,36,19,6.6,23,65
corn,92,52,19,6.9,20,55
corn,93,36,24,6.4,22,63
corn,82,42,23,6.5,23,69
corn,75,56,21,6.6,19,55
corn,64,42,22,6.2,22,57
corn,61,33,18,6.5,24,64
corn,77,43,22,6.4,19,56
corn,70,58,27,6.3,24,55
corn,65,49,26,6.3,27,69
corn,84,34,26,6.6,19,51
corn,74,46,20,6.4,21,61
corn,73,51,20,6.4,19,61
corn,79,43,25,7,25,56
corn,71,43,23,6.6,22,68
corn,69,33,26,6.9,26,67
corn,94,52,24,6.2,19,65
corn,97,37,20,6.6,22,62
corn,60,46,22,6.9,21,57
corn,84,35,18,7,23,51
corn,92,48,21,6.2,24,55
corn,74,37,26,6.6,25,61
corn,75,50,19,6.7,23,68
corn,72,37,25,6.5,18,59
corn,79,47,22,6.5,23,63
corn,61,40,23,6.3,23,67
corn,97,36,23,6.4,26,59
corn,88,50,27,6.5,26,68
corn,66,38,21,6.4,19,67
corn,58,55,26,6.8,25,57
corn,69,50,20,6.9,23,55
corn,59,57,19,6.5,25,68
corn,86,36,17,6.6,25,59
corn,63,58,24,6.3,25,58
corn,76,35,24,7,25,55
corn,76,56,17,6.8,19,66
corn,90,58,25,6.7,20,70
mango,50,37,24,5.4,30,43
mango,36,21,28,4.2,34,49
mango,18,23,24,5.1,27,43
mango,22,19,22,5.4,34,41
mango,30,18,29,5.8,36,50
mango,17,16,32,5.5,34,46
mango,16,18,31,4.5,30,48
mango,15,14,28,5.1,32,40
mango,8,33,30,5.4,36,48
mango,27,25,27,4.5,32,47
mango,15,16,24,4.2,28,48
mango,56,43,30,6,34,47
mango,42,27,34,4.8,27,49
mango,24,29,30,5.7,34,44
mango,28,25,28,6,36,48
mango,3,24,35,6.4,34,44
mango,23,22,38,6.1,30,41
mango,22,24,37,5.1,32,45
mango,21,20,34,5.7,36,47
mango,14,39,36,6,32,49
mango,33,31,33,5.1,28,43
mango,21,22,30,4.8,35,49
mango,26,26,30,5.2,28,50
mango,40,33,37,6.8,28,46
mango,14,30,33,6.4,27,43
mango,15,22,34,5.6,30,43
mango,46,31,36,5.8,32,44
mango,40,41,35,5.4,35,45
mango,29,40,33,6.2,30,41
mango,17,21,33,5.2,34,46
mango,43,19,38,5,29,47
mango,36,23,28,5.7,28,45
mango,39,28,36,5.6,31,47
mango,33,20,34,6.8,32,40
mango,31,40,31,6.1,29,44
mango,41,18,33,5.1,31,47
mango,15,40,33,4.6,35,45
mango,41,22,34,5.9,30,46
mango,11,36,32,6.4,34,44
mango,18,30,31,4.5,30,41
mango,37,19,28,6.1,28,49
mango,14,39,34,6.5,31,45
mango,36,32,37,6.8,36,41
mango,15,34,29,5.4,33,48
mango,15,37,31,6.1,36,43
mango,8,19,34,4.6,28,42
mango,4,33,32,6.4,32,46
mango,19,38,34,5.3,32,44
mango,38,21,29,5.3,28,44
mango,7,43,29,6.7,29,50
mango,12,32,37,5.7,32,48
mango,5,41,36,4.7,31,47
mango,29,35,35,6.8,35,43
mango,37,41,34,6.5,32,43
mango,8,35,36,5.8,28,46
mango,34,32,29,5,27,50
mango,37,37,38,6.4,27,46
mango,39,22,35,4.9,35,43
mango,10,20,29,6.4,34,45
mango,41,18,30,6.8,27,49
mango,8,22,28,6.4,33,41
mango,40,39,29,4.7,35,41
mango,24,34,35,5.3,28,42
mango,40,39,30,5.9,33,50
mango,26,26,33,4.8,30,41
mango,39,29,29,6.8,29,49
mango,27,36,38,5.3,32,44
mango,29,21,33,6.3,29,42
mango,25,20,29,4.8,29,46
mango,14,37,35,6.8,28,44
mango,32,38,31,7,28,47
mango,25,31,29,5,28,49
mango,26,27,35,5.6,31,47
mango,4,38,37,6.3,29,46
mango,5,27,37,6.5,33,48
mango,42,40,28,7,28,48
mango,18,39,30,5.6,32,42
mango,6,21,34,6.4,30,44
mango,11,41,35,5,31,46
mango,36,34,37,5.4,36,43
mango,17,32,35,6.9,32,45
mango,21,23,29,5.4,32,45
mango,12,24,35,5.9,28,41
mango,23,33,30,4.8,35,42
mango,12,41,28,5.5,31,47
mango,29,27,37,6.8,34,48
mango,34,39,32,6.5,31,48
mango,17,21,38,4.8,32,48
mango,43,19,38,6.5,32,43
mango,31,30,37,6.5,35,45
mango,3,20,33,6.3,27,43
mango,4,32,32,6.1,31,50
mango,5,39,34,5.7,29,50
mango,15,30,29,5.3,30,48
mango,10,31,38,4.7,34,46
mango,3,39,29,5.1,33,44
mango,29,38,34,5.3,35,47
mango,30,24,33,5.1,32,48
mango,25,41,34,5.8,31,49
mango,25,21,34,6,30,43
mango,31,26,31,5.7,31,44
jackfruit,43,22,27,6.4,35,72
jackfruit,59,26,25,6.3,42,79
jackfruit,35,39,36,6.3,38,78
jackfruit,60,25,32,5.5,35,75
jackfruit,68,29,35,5.5,43,75
jackfruit,68,24,26,6,34,80
jackfruit,61,32,28,6.1,33,75
jackfruit,41,26,35,6.3,23,73
jackfruit,70,19,33,5.5,29,79
jackfruit,63,33,35,5.5,40,71
jackfruit,36,37,29,5.2,42,78
jackfruit,46,25,30,7.3,33,72
jackfruit,62,25,30,7.2,30,71
jackfruit,38,42,39,7.2,32,74
jackfruit,63,28,35,6.4,36,73
jackfruit,71,32,38,6.4,37,79
jackfruit,71,27,29,6.9,38,74
jackfruit,64,35,31,7,33,75
jackfruit,44,29,38,7.2,28,71
jackfruit,73,22,36,6.4,39,78
jackfruit,66,36,38,6.4,33,72
jackfruit,39,40,32,6.1,39,74
jackfruit,40,37,29,6.9,43,80
jackfruit,54,19,31,6.5,28,76
jackfruit,36,34,35,7,41,78
jackfruit,50,43,33,7.1,23,74
jackfruit,36,38,34,6.7,33,73
jackfruit,35,19,32,6.7,34,73
jackfruit,59,24,30,7.5,39,77
jackfruit,64,33,32,6.7,40,73
jackfruit,55,36,30,6,39,79
jackfruit,55,28,32,7.1,27,77
jackfruit,38,25,32,7.5,41,77
jackfruit,75,27,32,6.9,26,75
jackfruit,59,30,34,6.4,28,72
jackfruit,63,37,35,7.4,34,77
jackfruit,46,29,30,7.5,34,78
jackfruit,41,30,31,6.1,32,79
jackfruit,53,22,31,6.5,42,76
jackfruit,66,31,35,6,25,74
jackfruit,39,43,39,7,28,75
jackfruit,53,31,31,7.2,24,70
jackfruit,73,25,38,7.2,43,75
jackfruit,58,31,35,6.7,44,73
jackfruit,37,28,37,6.8,42,79
jackfruit,41,35,39,6.5,33,80
jackfruit,43,39,39,6.8,32,74
jackfruit,39,31,33,7.2,41,77
jackfruit,75,44,37,6.7,43,73
jackfruit,61,44,34,6.8,29,75
jackfruit,68,25,37,7.3,43,77
jackfruit,72,38,29,7.2,29,79
jackfruit,35,34,29,7.5,41,77
jackfruit,43,25,31,7.2,26,72
jackfruit,68,37,38,6.6,35,78
jackfruit,42,27,32,7,24,79
jackfruit,68,19,33,6.8,31,76
jackfruit,53,33,34,6.2,32,80
jackfruit,52,33,31,7.2,43,78
jackfruit,40,39,36,6.9,23,79
jackfruit,37,33,39,6.3,25,71
jackfruit,58,37,29,6.9,43,76
jackfruit,67,21,32,6.8,27,71
jackfruit,54,23,37,6.3,30,79
jackfruit,75,24,38,6.9,29,76
jackfruit,69,31,32,7.2,33,77
jackfruit,55,44,39,7,43,77
jackfruit,63,39,29,7,30,73
jackfruit,70,35,34,6.8,24,75
jackfruit,42,32,34,6.5,36,71
jackfruit,37,28,30,6.1,28,80
jackfruit,49,30,31,7.5,35,80
jackfruit,42,32,39,6.8,23,80
jackfruit,73,44,39,7.5,33,74
jackfruit,42,42,33,6.7,37,74
jackfruit,47,44,34,6,39,79
jackfruit,52,26,30,6.1,33,76
jackfruit,54,44,36,7.1,38,72
jackfruit,44,32,37,7,43,75
jackfruit,67,43,33,6.7,26,76
jackfruit,66,32,30,6.9,38,73
jackfruit,69,24,30,7.3,30,77
jackfruit,72,30,34,7.1,25,79
jackfruit,66,33,35,6.1,26,74
jackfruit,74,34,32,6.5,33,75
jackfruit,71,44,37,7,29,79
jackfruit,50,41,39,6.4,40,77
jackfruit,41,44,37,7.4,33,80
jackfruit,72,41,36,6.8,31,78
jackfruit,60,22,39,6.7,27,73
jackfruit,64,27,29,7,25,75
jackfruit,35,22,35,7.3,38,72
jackfruit,56,35,30,6.9,37,72
jackfruit,58,37,37,7.1,26,74
jackfruit,48,30,31,7.3,31,80
jackfruit,59,39,32,7,40,80
jackfruit,71,40,29,6.2,39,72
jackfruit,62,42,33,6.4,41,78
jackfruit,56,37,37,6.9,37,74
jackfruit,62,35,35,6.8,23,74
jackfruit,54,20,34,6.4,29,68
chana,33,61,66,5.9,27,58
chana,16,64,73,5.3,26,63
chana,32,47,74,4.4,34,58
chana,15,61,74,4.8,28,63
chana,29,56,66,5.6,29,60
chana,25,62,70,4.4,34,61
chana,51,59,73,4.6,34,60
chana,52,59,73,6,33,57
chana,35,51,64,5.4,27,64
chana,21,63,70,7.2,26,59
chana,51,55,68,7.1,32,56
chana,38,66,71,7.5,30,62
chana,21,66,78,6.9,31,64
chana,37,52,79,6,28,64
chana,20,66,79,6.4,30,60
chana,34,61,71,7.2,32,65
chana,30,67,75,6,28,58
chana,56,64,78,6.2,33,58
chana,57,64,78,7.6,29,60
chana,40,56,69,7,28,60
chana,26,68,75,8.8,28,63
chana,56,60,73,8.7,28,56
chana,41,60,73,8,30,64
chana,56,57,75,6.5,27,63
chana,21,56,79,8.5,30,64
chana,25,56,71,6.6,29,57
chana,26,66,78,6.5,25,57
chana,48,50,70,8,35,62
chana,37,65,78,8.1,25,61
chana,23,72,70,7.2,32,63
chana,29,64,71,6.5,34,60
chana,24,74,77,7.5,25,64
chana,23,62,71,7.7,32,56
chana,29,72,70,8.5,35,64
chana,58,62,77,6.6,32,59
chana,57,56,77,8.1,27,64
chana,20,61,72,6.2,26,62
chana,34,59,74,6.1,30,63
chana,57,54,78,7.7,32,55
chana,52,71,79,7.8,30,63
chana,41,62,75,6.8,27,64
chana,26,70,76,6.7,35,63
chana,40,73,79,6.1,33,57
chana,30,54,77,8.8,29,58
chana,20,72,70,8.6,31,59
chana,29,73,69,8.2,26,58
chana,26,52,75,6.2,34,59
chana,55,52,71,8,35,65
chana,47,49,72,7.9,29,58
chana,44,70,71,7,29,60
chana,52,55,71,6.2,29,63
chana,36,54,70,8.9,28,61
chana,57,49,73,8.8,33,65
chana,34,70,69,8.7,34,64
chana,55,62,75,8.1,30,65
chana,33,60,75,6.1,30,55
chana,33,58,72,7.5,27,61
chana,50,54,73,8.4,31,63
chana,25,70,77,6.3,32,60
chana,55,54,78,6.6,29,62
chana,50,62,72,6.9,29,60
chana,41,73,73,7.8,28,59
chana,42,68,79,7.2,28,57
chana,22,49,72,6.7,31,59
chana,27,71,69,7.8,25,56
chana,18,54,72,6.4,33,57
chana,54,61,72,8.3,34,55
chana,35,60,79,6.5,33,62
chana,47,65,70,6.6,27,63
chana,57,63,74,8.2,26,58
chana,18,73,71,7.7,30,65
chana,22,50,79,6.6,28,59
chana,49,66,69,7.1,28,64
chana,55,67,79,7.4,29,56
chana,20,58,76,6.5,27,60
chana,50,67,73,7.8,33,57
chana,27,69,69,7.1,26,64
chana,42,53,72,7.6,30,60
chana,39,63,76,6.7,27,59
chana,50,50,79,6.8,34,62
chana,32,70,74,8,31,60
chana,40,68,77,7.6,29,60
chana,32,65,73,7.7,27,56
chana,25,67,73,7.4,29,61
chana,28,64,73,7.3,26,62
chana,55,51,69,7.8,33,59
chana,25,73,76,6.3,30,61
chana,30,65,79,6.4,33,61
chana,29,70,76,7.6,32,58
chana,31,69,78,7.2,30,62
chana,45,74,71,7.6,29,61
chana,52,56,74,7.5,30,62
chana,45,73,72,6.6,32,63
chana,33,51,77,7.5,30,55
chana,51,67,71,7.3,33,59
chana,43,55,72,6.5,31,61
chana,35,72,73,7.8,28,58
chana,28,69,75,6.4,33,59
chana,35,49,76,8.4,33,57
chana,51,59,70,8.7,35,63
chana,20,54,79,7.8,36,64
sitaphal,28,36,18,5.7,29,53
sitaphal,43,12,19,6.8,28,51
sitaphal,33,19,12,6.6,29,48
sitaphal,13,22,15,7.1,29,51
sitaphal,26,13,15,6.4,29,56
sitaphal,32,33,16,5.4,29,48
sitaphal,11,29,21,6.7,28,46
sitaphal,6,24,20,6.5,28,59
sitaphal,45,30,20,6.5,28,46
sitaphal,19,29,12,6.7,30,65
sitaphal,27,23,21,6.8,27,51
sitaphal,25,33,15,6.4,29,48
sitaphal,40,9,16,7.5,30,53
sitaphal,30,16,9,7.3,28,47
sitaphal,10,19,12,7.8,29,51
sitaphal,23,10,12,7.1,30,58
sitaphal,29,30,13,6.1,29,63
sitaphal,8,26,18,7.4,28,48
sitaphal,3,21,17,7.2,29,56
sitaphal,42,27,17,7.2,30,53
sitaphal,16,26,9,7.4,30,53
sitaphal,24,20,18,7.5,28,56
sitaphal,36,15,11,6.8,29,47
sitaphal,9,12,15,7,30,58
sitaphal,22,10,13,6.1,29,62
sitaphal,27,21,9,6.3,29,62
sitaphal,12,14,11,6.6,29,48
sitaphal,34,11,10,7.2,27,64
sitaphal,25,20,8,7,30,51
sitaphal,16,8,11,7.5,27,47
sitaphal,19,11,12,7.6,30,47
sitaphal,7,16,9,7.6,30,60
sitaphal,3,28,17,6.4,29,47
sitaphal,11,10,13,6.9,27,62
sitaphal,7,26,8,7.5,28,56
sitaphal,36,17,11,7.7,29,54
sitaphal,33,10,18,7.8,28,48
sitaphal,24,32,15,6.4,28,50
sitaphal,14,17,8,7,29,59
sitaphal,12,11,18,8,30,51
sitaphal,8,21,17,7.4,30,52
sitaphal,32,28,17,7.8,29,61
sitaphal,36,15,18,6.1,27,61
sitaphal,11,19,9,7.1,27,57
sitaphal,18,17,11,6.2,29,58
sitaphal,19,10,11,6.4,28,59
sitaphal,3,15,10,7,29,56
sitaphal,8,28,9,6,28,50
sitaphal,9,11,14,6.6,29,50
sitaphal,13,8,8,7.8,28,48
sitaphal,4,20,9,6.8,29,51
sitaphal,4,33,13,7.3,29,57
sitaphal,3,26,18,7.6,27,51
sitaphal,27,30,12,6.2,27,46
sitaphal,39,14,16,7.2,30,53
sitaphal,43,24,11,7.4,30,50
sitaphal,43,25,9,6.5,30,56
sitaphal,35,21,16,6,28,63
sitaphal,12,13,13,6,30,64
sitaphal,16,19,11,7,28,49
sitaphal,18,12,14,7.9,30,48
sitaphal,32,14,8,7.6,29,52
sitaphal,4,18,12,7.5,29,54
sitaphal,21,8,14,6.3,28,53
sitaphal,17,25,12,6.5,28,50
sitaphal,36,18,10,7.7,29,55
sitaphal,7,9,10,6.7,29,65
sitaphal,20,19,17,6.6,27,49
sitaphal,15,23,13,6.5,28,59
sitaphal,37,32,11,6.5,28,60
sitaphal,42,31,13,7.2,29,58
sitaphal,34,28,15,7,29,63
sitaphal,15,9,11,6.4,29,48
sitaphal,15,32,16,7.6,29,60
sitaphal,29,14,14,7.6,29,49
sitaphal,22,27,18,7.1,29,64
sitaphal,42,24,12,6.4,29,48
sitaphal,19,32,16,6.2,28,62
sitaphal,39,32,16,7.8,28,64
sitaphal,40,26,15,6.4,30,64
sitaphal,42,12,18,8,29,54
sitaphal,34,8,17,6.6,29,65
sitaphal,21,15,11,6.2,28,46
sitaphal,23,23,13,7,28,52
sitaphal,8,11,8,6.6,27,46
sitaphal,23,11,15,7.3,29,54
sitaphal,28,24,14,6.5,29,53
sitaphal,17,22,17,6.7,27,57
sitaphal,40,21,15,7.4,30,48
sitaphal,29,18,9,6.9,29,61
sitaphal,16,25,8,7.8,29,50
sitaphal,35,28,12,7.8,27,58
sitaphal,22,10,12,7,29,52
sitaphal,31,10,12,6.7,27,45
sitaphal,27,33,14,6.6,28,49
sitaphal,10,20,13,6.5,28,62
sitaphal,21,26,11,6.4,29,52
sitaphal,10,23,15,6.5,28,63
sitaphal,23,26,14,6.4,30,47
sitaphal,21,17,14,6.6,30,56
sitaphal,37,14,13,7.4,29,64
coconut,27,39,38,5.3,27,88
coconut,46,32,37,4.6,26,90
coconut,22,37,42,4.6,28,91
coconut,11,30,44,5.2,25,87
coconut,19,27,44,5.3,28,95
coconut,16,20,41,4.4,29,90
coconut,48,14,40,4.5,27,89
coconut,43,15,36,4.8,26,86
coconut,40,39,38,4.5,27,86
coconut,34,16,44,4.5,28,94
coconut,25,27,35,4.5,28,87
coconut,23,35,34,6.4,28,92
coconut,42,28,33,5.7,27,92
coconut,18,33,38,5.7,28,95
coconut,7,26,40,6.3,26,95
coconut,15,23,40,6.4,27,91
coconut,12,16,37,5.5,26,93
coconut,44,10,36,5.6,26,89
coconut,39,11,32,5.9,28,90
coconut,36,35,34,5.6,29,87
coconut,30,12,40,5.6,27,92
coconut,21,23,31,5.6,28,85
coconut,31,15,38,6.1,28,89
coconut,32,13,37,5.6,28,91
coconut,42,23,35,6.4,29,89
coconut,24,20,39,5.7,27,91
coconut,5,24,38,6.2,28,92
coconut,36,25,31,6.4,29,92
coconut,14,22,37,5.8,30,92
coconut,27,16,34,6,27,92
coconut,36,11,31,5.7,29,87
coconut,39,11,35,6,25,89
coconut,29,11,37,6.4,27,87
coconut,6,13,31,5.6,28,89
coconut,36,18,38,5.9,29,88
coconut,15,14,33,6.3,28,87
coconut,41,32,31,6.3,29,89
coconut,43,29,38,6,25,93
coconut,16,11,30,6.1,26,94
coconut,21,19,35,6.4,30,87
coconut,38,19,40,6,29,87
coconut,21,11,34,5.9,28,93
coconut,37,16,36,6.2,29,89
coconut,43,19,35,5.6,25,91
coconut,13,11,38,6.1,30,86
coconut,28,11,38,6,28,90
coconut,34,30,40,5.5,27,94
coconut,29,19,38,6.4,25,91
coconut,37,17,35,5.6,29,91
coconut,35,30,36,5.8,27,86
coconut,19,26,40,6.1,26,92
coconut,32,27,34,6,28,88
coconut,45,10,34,5.8,26,90
coconut,22,16,37,5.6,29,90
coconut,35,35,40,6,27,90
coconut,33,15,35,6.3,27,87
coconut,44,12,34,6.4,28,90
coconut,37,25,40,5.6,28,94
coconut,12,20,37,6.2,30,88
coconut,34,22,34,6,29,90
coconut,39,20,39,5.7,25,88
coconut,19,28,30,5.6,27,87
coconut,23,24,34,6.2,29,86
coconut,12,26,40,5.8,28,91
coconut,29,32,39,6.2,27,95
coconut,44,34,34,6.1,29,95
coconut,34,13,33,6.1,27,92
coconut,15,29,32,5.7,30,91
coconut,5,34,37,5.9,26,87
coconut,37,16,36,6.5,26,87
coconut,42,15,37,6.2,27,88
coconut,25,34,32,6.1,27,91
coconut,36,34,40,6.1,29,86
coconut,22,35,32,5.9,26,87
coconut,6,17,35,5.6,25,90
coconut,11,18,34,5.8,26,92
coconut,20,33,37,6.2,29,91
coconut,32,29,34,6.1,26,92
coconut,8,28,35,6.1,26,90
coconut,13,31,31,5.7,26,90
coconut,25,33,31,5.6,28,91
coconut,31,23,32,5.8,30,87
coconut,6,11,40,6.2,30,91
coconut,32,35,36,5.7,26,89
coconut,28,12,39,5.9,26,90
coconut,5,31,36,5.6,27,87
coconut,43,11,30,6.2,29,93
coconut,30,17,31,6.4,26,92
coconut,45,10,37,6,26,90
coconut,5,24,36,6.3,28,95
coconut,31,14,37,6.5,28,93
coconut,40,35,39,6.1,26,95
coconut,24,35,35,5.8,27,95
coconut,36,18,38,6.3,29,86
coconut,22,34,31,6.1,26,94
coconut,7,35,35,6.3,28,91
coconut,35,18,30,6.4,29,88
coconut,13,20,38,5.5,26,89
coconut,23,17,40,6.3,26,89
coconut,13,33,35,6,27,94
coconut,45,27,34,5.7,24,68
