vegetables/fruits,N,P,K,temperature,humidity,pH
chikoo,26,24,38,20,87,5.6
chikoo,37,45,55,19,85,5.9
chikoo,38,30,68,24,83,5.3
chikoo,16,24,10,22,90,5.3
chikoo,21,24,65,25,85,5.3
chikoo,31,79,41,23,88,5.3
chikoo,11,17,39,23,85,4.9
chikoo,21,17,27,19,87,4.7
chikoo,21,12,44,23,90,4.6
chikoo,36,51,45,25,88,4.6
chikoo,33,38,26,25,80,4.4
chikoo,15,29,41,20,81,4.1
chikoo,25,27,56,24,82,4.1
chikoo,46,39,15,24,89,4.3
chikoo,55,39,5,20,85,4.1
chikoo,53,44,23,22,84,3.9
chikoo,24,55,56,22,88,5.3
chikoo,29,41,35,18,90,5.7
chikoo,14,42,36,24,83,5.8
chikoo,18,22,54,22,85,6.1
chikoo,22,16,63,22,85,4.8
chikoo,39,19,42,20,90,5.3
chikoo,23,21,32,18,85,5
chikoo,38,32,45,20,86,6.9
chikoo,26,45,36,23,85,4.2
chikoo,49,11,28,19,86,4.2
chikoo,17,9,44,22,83,5.9
chikoo,8,6,33,18,87,6.8
chikoo,29,19,47,20,85,6.9
chikoo,15,9,11,24,84,6.6
chikoo,22,55,48,19,86,7
chikoo,35,48,26,20,85,6.6
chikoo,15,51,44,19,86,4.9
chikoo,8,25,30,20,83,5.5
chikoo,35,15,40,20,90,6.1
chikoo,19,24,41,24,85,5
chikoo,25,24,44,25,83,7
chikoo,45,29,35,25,90,5.5
chikoo,22,9,49,25,89,6.5
chikoo,12,11,48,20,81,5
chikoo,44,26,48,21,83,7
chikoo,22,26,36,22,88,7.2
chikoo,48,57,56,20,83,5.2
chikoo,30,25,38,24,85,5.8
chikoo,41,9,42,25,81,6.5
chikoo,45,26,36,20,87,6.7
chikoo,35,29,33,22,83,7.2
chikoo,36,29,46,23,86,5.8
chikoo,9,49,38,23,80,6.6
chikoo,15,19,42,25,81,5.2
chikoo,36,24,48,23,85,5.6
chikoo,10,22,36,21,88,7.1
chikoo,29,24,14,18,90,5.6
chikoo,18,16,35,22,86,6.1
chikoo,15,50,36,24,85,5
chikoo,25,15,33,20,86,5.7
chikoo,36,14,39,20,84,7
chikoo,5,20,44,18,81,6.7
chikoo,36,22,25,24,88,5
chikoo,28,25,44,24,85,6.7
chikoo,38,25,41,21,89,6.7
chikoo,15,25,45,21,81,6.5
chikoo,19,35,39,21,83,6.3
chikoo,15,35,36,24,87,5.9
chikoo,8,8,41,25,81,5.5
chikoo,42,28,44,25,86,4.9
chikoo,26,24,46,25,87,5.3
chikoo,28,29,39,20,84,5.5
chikoo,26,35,43,22,86,5.3
chikoo,5,18,44,23,90,6
chikoo,6,33,49,23,82,6.2
chikoo,28,9,55,23,84,5.9
chikoo,5,24,45,19,90,6.7
chikoo,25,15,34,19,82,6.5
chikoo,18,16,42,24,84,6.3
chikoo,25,28,49,25,86,5.1
chikoo,19,26,43,22,84,5.7
chikoo,26,18,41,25,90,4.7
chikoo,9,29,34,18,82,5.6
chikoo,13,45,22,20,86,6.8
chikoo,35,15,29,23,86,6.4
chikoo,15,24,39,24,90,5.6
chikoo,16,29,32,19,88,6.3
chikoo,25,34,25,21,84,6.3
chikoo,29,44,35,19,88,6.1
chikoo,16,35,26,19,90,6.4
chikoo,26,15,19,23,85,5.9
chikoo,35,25,15,19,84,6.5
chikoo,24,16,39,24,82,4.2
chikoo,7,27,32,17,86,5.1
chikoo,11,43,20,19,88,6.3
chikoo,33,13,27,22,88,5.9
chikoo,13,22,37,23,81,5.1
chikoo,14,27,30,19,86,5.8
chikoo,23,32,23,20,81,5.8
chikoo,27,42,33,18,81,5.6
chikoo,14,33,24,18,85,5.9
chikoo,24,13,17,22,88,5.4
chikoo,33,23,13,18,89,6
chikoo,15,22,34,24,82,6.3
wheat,77,35,26,26,78,5.4
wheat,48,25,27,27,82,5.4
wheat,51,29,33,25,83,6.5
wheat,74,28,27,26,67,5.6
wheat,84,29,28,24,67,5.5
wheat,88,23,24,25,80,5.8
wheat,51,25,31,23,84,6.1
wheat,58,31,28,24,70,5.6
wheat,55,43,32,26,78,6.7
wheat,62,28,28,25,67,5.8
wheat,77,41,32,25,84,6.7
wheat,82,40,31,26,70,6
wheat,53,30,32,23,84,6
wheat,56,34,38,25,66,7.1
wheat,79,33,32,25,75,6.2
wheat,89,34,33,24,67,6.1
wheat,93,28,29,23,77,6.4
wheat,56,30,36,26,74,6.7
wheat,63,36,33,27,70,6.2
wheat,60,48,37,24,69,7.3
wheat,67,33,33,25,68,6.4
wheat,82,46,37,23,75,7.3
wheat,67,39,38,27,70,6
wheat,82,34,31,23,73,6.3
wheat,53,48,33,24,85,7
wheat,60,36,31,24,76,7.3
wheat,63,31,28,26,80,7
wheat,67,42,31,25,72,7.5
wheat,83,33,32,25,77,6.6
wheat,75,28,37,26,74,6.2
wheat,66,38,30,24,83,6.7
wheat,78,46,31,24,74,6.6
wheat,74,49,29,25,69,7.1
wheat,77,48,31,23,66,7
wheat,73,38,35,24,81,7.4
wheat,69,47,38,25,79,6.2
wheat,69,49,32,24,77,6.6
wheat,74,33,38,23,78,6.4
wheat,69,37,38,24,67,6.7
wheat,62,40,33,24,70,6.1
wheat,75,33,38,25,72,6.7
wheat,62,50,28,26,72,6.2
wheat,74,29,31,25,78,6.3
wheat,60,53,31,23,82,7.2
wheat,65,44,33,25,74,7.4
wheat,58,32,38,25,76,6.8
wheat,71,43,36,26,77,6.4
wheat,70,45,34,26,69,6.1
wheat,82,45,35,26,79,6.1
wheat,55,42,30,26,69,7.5
wheat,83,41,38,25,74,6.5
wheat,59,40,29,23,77,6.6
wheat,73,45,32,26,83,7.2
wheat,82,45,38,23,75,7.2
wheat,70,44,37,26,83,7.1
wheat,87,30,34,26,76,6.5
wheat,68,34,28,27,68,6.9
wheat,53,48,29,26,68,7.1
wheat,55,49,28,27,77,6.2
wheat,77,33,35,24,74,6.7
wheat,93,49,33,26,84,7.4
wheat,68,49,37,25,72,6.1
wheat,71,39,35,25,70,7.1
wheat,75,41,29,23,77,6.4
wheat,93,51,34,24,79,6.7
wheat,81,43,33,24,79,7.1
wheat,60,34,33,26,75,7.3
wheat,65,35,36,24,70,6.4
wheat,82,33,36,24,82,7.1
wheat,82,50,36,25,75,7
wheat,54,34,37,25,77,6.5
wheat,72,38,36,25,72,7.2
wheat,77,33,36,23,85,7.2
wheat,91,36,28,24,73,7.3
wheat,68,29,37,27,74,6.6
wheat,82,51,28,27,76,6.1
wheat,84,34,30,25,76,6.1
wheat,70,41,29,24,82,7.4
wheat,59,51,28,23,74,7.3
wheat,55,52,34,26,66,7.2
wheat,75,28,28,24,74,7.3
wheat,54,34,28,26,67,6.8
wheat,92,50,31,26,69,6.4
wheat,63,35,36,27,72,6.5
wheat,83,52,28,27,76,7.1
wheat,66,36,35,24,82,6.3
wheat,60,39,37,27,66,7.1
wheat,77,30,35,27,75,6.7
wheat,65,34,29,23,69,6.2
wheat,64,49,30,26,70,6.5
wheat,57,46,31,24,71,6.9
wheat,58,47,32,25,69,7.1
wheat,53,51,30,23,84,6.1
wheat,79,32,36,27,81,6.4
wheat,83,43,37,24,82,6.3
wheat,84,31,29,24,83,7.3
wheat,80,41,31,24,77,7.2
wheat,65,34,29,25,78,6.1
wheat,64,47,28,24,69,7.3
wheat,75,39,34,27,81,6.6
wheat,64,45,36,26,71,6.7
wheat,73,36,36,24,84,6
wheat,70,48,36,23,74,6.7
wheat,88,50,34,23,70,6.4
wheat,56,40,28,23,74,7.4
wheat,86,36,31,23,79,7
wheat,80,37,36,28,73,6.7
wheat,81,45,32,25,71,6.9
wheat,83,32,30,27,79,6.9
wheat,83,32,36,26,66,6.8
wheat,77,31,36,27,58,7.3
sugarcane,55,62,44,21,77,5.6
sugarcane,52,40,39,22,76,6
sugarcane,39,41,49,23,78,6.4
sugarcane,33,59,47,26,75,5.5
sugarcane,25,62,39,20,77,5.7
sugarcane,64,62,39,23,79,5.5
sugarcane,62,56,44,23,78,6.2
sugarcane,28,59,41,20,78,5.4
sugarcane,32,62,48,25,79,6.1
sugarcane,63,58,41,23,78,5.8
sugarcane,52,45,35,27,77,6.2
sugarcane,58,65,47,24,77,5.9
sugarcane,55,43,42,27,76,6.3
sugarcane,42,44,52,24,77,6.7
sugarcane,36,62,50,26,76,5.8
sugarcane,28,65,42,24,76,6
sugarcane,67,65,42,22,78,5.8
sugarcane,65,59,47,24,76,6.5
sugarcane,31,62,44,22,75,5.7
sugarcane,35,65,51,24,79,6.4
sugarcane,66,61,44,21,76,6.1
sugarcane,55,48,44,25,78,6.5
sugarcane,56,44,50,22,76,6.1
sugarcane,41,61,51,21,78,6.1
sugarcane,53,54,45,23,77,6
sugarcane,66,57,51,25,76,6.1
sugarcane,53,55,46,26,79,6.4
sugarcane,46,52,50,25,76,5.8
sugarcane,35,48,49,21,80,5.8
sugarcane,51,62,44,22,76,6.1
sugarcane,54,54,48,21,80,6.6
sugarcane,36,49,50,22,76,6.6
sugarcane,55,64,42,25,78,6.4
sugarcane,58,61,49,20,77,6.2
sugarcane,31,59,52,26,79,5.9
sugarcane,28,45,42,27,77,5.9
sugarcane,44,43,49,27,76,6.6
sugarcane,29,65,49,24,78,6.3
sugarcane,33,56,43,21,78,6.4
sugarcane,58,48,48,24,79,6.7
sugarcane,67,51,43,23,77,6
sugarcane,41,53,46,26,79,6.5
sugarcane,31,65,48,26,75,5.8
sugarcane,47,56,44,24,80,6.7
sugarcane,36,67,49,26,78,6.3
sugarcane,31,58,46,25,76,5.9
sugarcane,41,57,52,25,80,5.9
sugarcane,28,59,49,23,80,6.5
sugarcane,62,59,48,22,76,6.4
sugarcane,41,54,50,25,76,5.9
sugarcane,47,44,45,23,78,6
sugarcane,40,47,45,20,76,5.7
sugarcane,57,43,50,24,78,6
sugarcane,67,65,52,22,77,6.6
sugarcane,56,59,49,26,79,6.3
sugarcane,57,55,48,23,80,6.2
sugarcane,39,57,44,26,79,6.7
sugarcane,32,63,44,24,78,6.5
sugarcane,31,62,45,20,77,6.6
sugarcane,33,51,43,22,76,6.5
sugarcane,36,61,49,20,78,6.7
sugarcane,34,49,44,26,79,6.1
sugarcane,30,44,43,21,79,6.2
sugarcane,31,45,45,22,76,6.6
sugarcane,46,51,47,20,79,5.9
sugarcane,37,62,46,24,78,6.2
sugarcane,65,49,46,21,76,6.6
sugarcane,47,43,49,26,77,5.7
sugarcane,62,60,47,24,76,5.9
sugarcane,37,46,44,23,76,6
sugarcane,39,50,45,25,79,6.5
sugarcane,46,52,48,23,77,6.2
sugarcane,56,59,46,25,78,6.1
sugarcane,60,55,44,21,78,6.3
sugarcane,67,62,49,26,80,6.5
sugarcane,60,47,49,22,77,6.3
sugarcane,37,61,44,27,77,6
sugarcane,60,55,47,25,77,6.6
sugarcane,42,55,46,27,77,6.2
sugarcane,63,66,44,23,79,5.8
sugarcane,51,64,49,26,76,6
sugarcane,66,64,49,25,78,5.9
sugarcane,64,65,46,26,76,6.1
sugarcane,42,54,44,26,80,6.6
sugarcane,53,47,49,25,76,5.8
sugarcane,67,47,50,22,79,6.3
sugarcane,41,44,42,23,77,5.8
sugarcane,47,57,44,25,77,6.6
sugarcane,49,48,50,24,76,6.7
sugarcane,32,65,42,21,79,6
sugarcane,65,66,49,27,77,6.5
sugarcane,29,52,49,24,79,5.8
sugarcane,29,52,48,27,75,6.6
sugarcane,45,59,44,26,79,6.5
sugarcane,36,66,50,23,78,6
sugarcane,46,58,42,23,79,6.4
sugarcane,45,54,51,22,77,5.9
sugarcane,66,63,46,21,79,6.1
sugarcane,50,52,52,27,80,6.6
sugarcane,35,58,49,34,79,6.2
sugarcane,54,61,52,26,80,6.7
methi,15,60,25,17,60,7.1
methi,13,79,28,19,47,7.1
methi,9,77,30,18,55,6.7
methi,10,71,31,19,56,7.2
methi,34,82,32,18,50,7.7
methi,46,80,23,20,49,7.3
methi,47,81,25,21,51,7.5
methi,44,64,30,17,49,7.8
methi,38,62,32,18,54,7
methi,29,69,30,18,51,7.4
methi,10,80,26,21,41,7.8
methi,10,55,20,19,41,6.4
methi,8,74,23,20,52,6.4
methi,4,72,25,19,54,6
methi,5,66,26,18,47,6.5
methi,29,77,27,19,46,7
methi,41,75,18,21,42,6.6
methi,42,76,20,20,39,6.8
methi,39,59,25,17,40,7.1
methi,33,57,27,21,39,6.3
methi,24,64,25,17,51,6.7
methi,5,75,21,20,57,7.1
methi,6,77,19,18,45,6.7
methi,15,58,27,19,51,6.2
methi,14,63,23,19,47,6.3
methi,6,58,24,17,45,6.6
methi,11,57,24,18,41,7.1
methi,20,63,25,19,54,6.5
methi,34,53,21,17,49,6.4
methi,8,69,18,17,39,6.9
methi,17,74,23,21,52,6.7
methi,2,62,27,17,41,7
methi,32,76,25,20,56,6.6
methi,5,60,19,18,35,6.4
methi,4,75,26,19,52,6.6
methi,12,75,21,17,40,6.4
methi,16,64,28,19,55,7
methi,41,62,26,19,41,6.8
methi,21,69,18,18,60,6.9
methi,20,54,24,19,37,6.3
methi,33,55,18,19,57,7
methi,30,55,28,20,47,6.9
methi,7,62,22,18,59,6.9
methi,18,62,22,17,40,6.3
methi,36,62,22,19,52,6.7
methi,16,66,22,18,59,6.6
methi,24,52,19,19,50,6.6
methi,26,58,20,19,38,6.9
methi,4,76,18,19,43,6.5
methi,28,60,20,17,52,6.3
methi,29,58,18,19,42,6.2
methi,26,67,19,20,52,7
methi,15,71,28,17,58,6.8
methi,8,61,26,18,56,7.1
methi,14,55,26,18,57,7.1
methi,34,76,25,18,39,6.7
methi,8,65,21,21,54,7.1
methi,12,76,23,20,58,7.1
methi,40,74,25,19,48,7.1
methi,19,71,20,19,38,6.4
methi,28,65,27,18,53,6.5
methi,25,72,20,19,45,6.6
methi,34,75,25,18,41,7.1
methi,21,76,22,19,57,6.4
methi,24,57,21,17,46,6.3
methi,30,66,19,20,37,6.5
methi,3,64,24,21,56,6.5
methi,14,64,26,20,40,7.1
methi,38,64,23,20,39,6.3
methi,30,67,24,21,53,6.7
methi,14,68,22,19,54,6.9
methi,24,65,19,18,55,6.3
methi,28,63,25,19,49,6.6
methi,18,62,19,20,48,6.3
methi,16,56,25,17,57,7
methi,35,56,22,17,48,6.7
methi,23,60,20,21,44,6.5
methi,2,66,24,21,36,7
methi,12,72,20,19,57,6.8
methi,32,58,21,17,45,6.3
methi,2,71,20,17,50,6.9
methi,37,71,25,17,37,6.5
methi,9,60,27,19,44,6.4
methi,11,53,20,20,58,6.5
methi,16,71,18,19,42,7
methi,16,73,23,20,58,6.9
methi,38,62,19,19,52,6.6
methi,30,64,24,19,48,7
methi,30,76,19,20,55,6.9
methi,42,58,25,19,51,6.9
methi,12,67,22,21,58,7.1
methi,14,77,22,19,55,6.7
methi,39,74,23,20,36,6.7
methi,2,64,25,18,49,6.3
methi,9,70,28,21,56,6.5
methi,12,53,21,17,44,6.4
methi,41,67,18,17,57,7
methi,28,53,25,19,44,6.7
methi,11,74,20,19,41,6.2
methi,6,56,22,26,45,6.8
methi,40,57,23,23,45,7.2
corn,76,56,14,64,59,6.6
corn,88,52,12,72,67,6.4
corn,73,48,15,72,67,6.3
corn,84,45,22,58,53,6.7
corn,68,57,19,63,58,6.2
corn,87,54,21,58,53,6.2
corn,64,32,19,67,62,6.4
corn,57,51,16,67,62,6.4
corn,80,55,20,63,58,6.4
corn,80,54,16,67,62,6.9
corn,64,43,22,73,69,7
corn,69,49,49,26,64,6.5
corn,59,42,19,24,54,7
corn,78,41,18,20,61,7.1
corn,71,56,23,18,56,6.6
corn,59,36,22,22,51,6.4
corn,66,39,18,26,66,6.5
corn,91,39,19,25,61,6.8
corn,87,58,21,20,55,7.1
corn,74,42,19,25,58,7
corn,65,58,27,23,69,6.4
corn,68,42,21,25,66,7.1
corn,88,47,23,22,62,6.7
corn,60,50,18,19,54,6.5
corn,90,42,18,25,63,7
corn,64,52,23,18,64,6.7
corn,61,56,24,25,53,7
corn,68,45,19,25,67,6.8
corn,59,39,19,23,58,6.3
corn,64,51,21,18,59,6.3
corn,72,53,21,25,58,6.5
corn,75,55,23,18,51,6.3
corn,97,48,17,18,63,6.9
corn,72,54,24,19,57,6.4
corn,81,43,23,26,61,6.2
corn,98,46,18,25,69,6.2
corn,77,49,18,24,58,6.9
corn,92,37,20,22,55,6.7
corn,73,47,17,23,70,6.4
corn,76,46,24,26,70,6.4
corn,85,52,22,21,68,6.4
corn,85,33,27,19,65,6.3
corn,61,41,21,23,56,6.4
corn,82,55,27,23,53,6.8
corn,62,33,25,25,68,6.7
corn,58,44,24,26,64,6.3
corn,96,42,23,19,64,6.8
corn,73,54,20,22,52,6.3
corn,84,53,23,24,57,6.3
corn,96,33,20,19,61,6.6
corn,74,55,20,24,61,6.3
corn,97,54,19,25,52,6.3
corn,58,42,25,22,59,6.9
corn,72,46,19,25,60,6.3
corn,87,58,19,22,57,6.6
corn,67,49,25,21,57,6.6
corn,94,44,24,25,57,6.7
corn,59,58,17,20,52,6.3
corn,72,56,20,26,64,6.4
corn,72,41,25,19,61,6.9
corn,61,41,19,21,55,6.6
corn,97,34,22,25,64,6.9
corn,75,34,25,20,57,6.3
corn,85,58,25,18,68,6.4
corn,58,36,19,23,65,6.6
corn,92,52,19,20,55,6.9
corn,93,36,24,22,63,6.4
corn,82,42,23,23,69,6.5
corn,75,56,21,19,55,6.6
corn,64,42,22,22,57,6.2
corn,61,33,18,24,64,6.5
corn,77,43,22,19,56,6.4
corn,70,58,27,24,55,6.3
corn,65,49,26,27,69,6.3
corn,84,34,26,19,51,6.6
corn,74,46,20,21,61,6.4
corn,73,51,20,19,61,6.4
corn,79,43,25,25,56,7
corn,71,43,23,22,68,6.6
corn,69,33,26,26,67,6.9
corn,94,52,24,19,65,6.2
corn,97,37,20,22,62,6.6
corn,60,46,22,21,57,6.9
corn,84,35,18,23,51,7
corn,92,48,21,24,55,6.2
corn,74,37,26,25,61,6.6
corn,75,50,19,23,68,6.7
corn,72,37,25,18,59,6.5
corn,79,47,22,23,63,6.5
corn,61,40,23,23,67,6.3
corn,97,36,23,26,59,6.4
corn,88,50,27,26,68,6.5
corn,66,38,21,19,67,6.4
corn,58,55,26,25,57,6.8
corn,69,50,20,23,55,6.9
corn,59,57,19,25,68,6.5
corn,86,36,17,25,59,6.6
corn,63,58,24,25,58,6.3
corn,76,35,24,25,55,7
corn,76,56,17,19,66,6.8
corn,90,58,25,20,70,6.7
mango,50,37,24,30,43,5.4
mango,36,21,28,34,49,4.2
mango,18,23,24,27,43,5.1
mango,22,19,22,34,41,5.4
mango,30,18,29,36,50,5.8
mango,17,16,32,34,46,5.5
mango,16,18,31,30,48,4.5
mango,15,14,28,32,40,5.1
mango,8,33,30,36,48,5.4
mango,27,25,27,32,47,4.5
mango,15,16,24,28,48,4.2
mango,56,43,30,34,47,6
mango,42,27,34,27,49,4.8
mango,24,29,30,34,44,5.7
mango,28,25,28,36,48,6
mango,3,24,35,34,44,6.4
mango,23,22,38,30,41,6.1
mango,22,24,37,32,45,5.1
mango,21,20,34,36,47,5.7
mango,14,39,36,32,49,6
mango,33,31,33,28,43,5.1
mango,21,22,30,35,49,4.8
mango,26,26,30,28,50,5.2
mango,40,33,37,28,46,6.8
mango,14,30,33,27,43,6.4
mango,15,22,34,30,43,5.6
mango,46,31,36,32,44,5.8
mango,40,41,35,35,45,5.4
mango,29,40,33,30,41,6.2
mango,17,21,33,34,46,5.2
mango,43,19,38,29,47,5
mango,36,23,28,28,45,5.7
mango,39,28,36,31,47,5.6
mango,33,20,34,32,40,6.8
mango,31,40,31,29,44,6.1
mango,41,18,33,31,47,5.1
mango,15,40,33,35,45,4.6
mango,41,22,34,30,46,5.9
mango,11,36,32,34,44,6.4
mango,18,30,31,30,41,4.5
mango,37,19,28,28,49,6.1
mango,14,39,34,31,45,6.5
mango,36,32,37,36,41,6.8
mango,15,34,29,33,48,5.4
mango,15,37,31,36,43,6.1
mango,8,19,34,28,42,4.6
mango,4,33,32,32,46,6.4
mango,19,38,34,32,44,5.3
mango,38,21,29,28,44,5.3
mango,7,43,29,29,50,6.7
mango,12,32,37,32,48,5.7
mango,5,41,36,31,47,4.7
mango,29,35,35,35,43,6.8
mango,37,41,34,32,43,6.5
mango,8,35,36,28,46,5.8
mango,34,32,29,27,50,5
mango,37,37,38,27,46,6.4
mango,39,22,35,35,43,4.9
mango,10,20,29,34,45,6.4
mango,41,18,30,27,49,6.8
mango,8,22,28,33,41,6.4
mango,40,39,29,35,41,4.7
mango,24,34,35,28,42,5.3
mango,40,39,30,33,50,5.9
mango,26,26,33,30,41,4.8
mango,39,29,29,29,49,6.8
mango,27,36,38,32,44,5.3
mango,29,21,33,29,42,6.3
mango,25,20,29,29,46,4.8
mango,14,37,35,28,44,6.8
mango,32,38,31,28,47,7
mango,25,31,29,28,49,5
mango,26,27,35,31,47,5.6
mango,4,38,37,29,46,6.3
mango,5,27,37,33,48,6.5
mango,42,40,28,28,48,7
mango,18,39,30,32,42,5.6
mango,6,21,34,30,44,6.4
mango,11,41,35,31,46,5
mango,36,34,37,36,43,5.4
mango,17,32,35,32,45,6.9
mango,21,23,29,32,45,5.4
mango,12,24,35,28,41,5.9
mango,23,33,30,35,42,4.8
mango,12,41,28,31,47,5.5
mango,29,27,37,34,48,6.8
mango,34,39,32,31,48,6.5
mango,17,21,38,32,48,4.8
mango,43,19,38,32,43,6.5
mango,31,30,37,35,45,6.5
mango,3,20,33,27,43,6.3
mango,4,32,32,31,50,6.1
mango,5,39,34,29,50,5.7
mango,15,30,29,30,48,5.3
mango,10,31,38,34,46,4.7
mango,3,39,29,33,44,5.1
mango,29,38,34,35,47,5.3
mango,30,24,33,32,48,5.1
mango,25,41,34,31,49,5.8
mango,25,21,34,30,43,6
mango,31,26,31,31,44,5.7
jackfruit,43,22,27,35,72,6.4
jackfruit,59,26,25,42,79,6.3
jackfruit,35,39,36,38,78,6.3
jackfruit,60,25,32,35,75,5.5
jackfruit,68,29,35,43,75,5.5
jackfruit,68,24,26,34,80,6
jackfruit,61,32,28,33,75,6.1
jackfruit,41,26,35,23,73,6.3
jackfruit,70,19,33,29,79,5.5
jackfruit,63,33,35,40,71,5.5
jackfruit,36,37,29,42,78,5.2
jackfruit,46,25,30,33,72,7.3
jackfruit,62,25,30,30,71,7.2
jackfruit,38,42,39,32,74,7.2
jackfruit,63,28,35,36,73,6.4
jackfruit,71,32,38,37,79,6.4
jackfruit,71,27,29,38,74,6.9
jackfruit,64,35,31,33,75,7
jackfruit,44,29,38,28,71,7.2
jackfruit,73,22,36,39,78,6.4
jackfruit,66,36,38,33,72,6.4
jackfruit,39,40,32,39,74,6.1
jackfruit,40,37,29,43,80,6.9
jackfruit,54,19,31,28,76,6.5
jackfruit,36,34,35,41,78,7
jackfruit,50,43,33,23,74,7.1
jackfruit,36,38,34,33,73,6.7
jackfruit,35,19,32,34,73,6.7
jackfruit,59,24,30,39,77,7.5
jackfruit,64,33,32,40,73,6.7
jackfruit,55,36,30,39,79,6
jackfruit,55,28,32,27,77,7.1
jackfruit,38,25,32,41,77,7.5
jackfruit,75,27,32,26,75,6.9
jackfruit,59,30,34,28,72,6.4
jackfruit,63,37,35,34,77,7.4
jackfruit,46,29,30,34,78,7.5
jackfruit,41,30,31,32,79,6.1
jackfruit,53,22,31,42,76,6.5
jackfruit,66,31,35,25,74,6
jackfruit,39,43,39,28,75,7
jackfruit,53,31,31,24,70,7.2
jackfruit,73,25,38,43,75,7.2
jackfruit,58,31,35,44,73,6.7
jackfruit,37,28,37,42,79,6.8
jackfruit,41,35,39,33,80,6.5
jackfruit,43,39,39,32,74,6.8
jackfruit,39,31,33,41,77,7.2
jackfruit,75,44,37,43,73,6.7
jackfruit,61,44,34,29,75,6.8
jackfruit,68,25,37,43,77,7.3
jackfruit,72,38,29,29,79,7.2
jackfruit,35,34,29,41,77,7.5
jackfruit,43,25,31,26,72,7.2
jackfruit,68,37,38,35,78,6.6
jackfruit,42,27,32,24,79,7
jackfruit,68,19,33,31,76,6.8
jackfruit,53,33,34,32,80,6.2
jackfruit,52,33,31,43,78,7.2
jackfruit,40,39,36,23,79,6.9
jackfruit,37,33,39,25,71,6.3
jackfruit,58,37,29,43,76,6.9
jackfruit,67,21,32,27,71,6.8
jackfruit,54,23,37,30,79,6.3
jackfruit,75,24,38,29,76,6.9
jackfruit,69,31,32,33,77,7.2
jackfruit,55,44,39,43,77,7
jackfruit,63,39,29,30,73,7
jackfruit,70,35,34,24,75,6.8
jackfruit,42,32,34,36,71,6.5
jackfruit,37,28,30,28,80,6.1
jackfruit,49,30,31,35,80,7.5
jackfruit,42,32,39,23,80,6.8
jackfruit,73,44,39,33,74,7.5
jackfruit,42,42,33,37,74,6.7
jackfruit,47,44,34,39,79,6
jackfruit,52,26,30,33,76,6.1
jackfruit,54,44,36,38,72,7.1
jackfruit,44,32,37,43,75,7
jackfruit,67,43,33,26,76,6.7
jackfruit,66,32,30,38,73,6.9
jackfruit,69,24,30,30,77,7.3
jackfruit,72,30,34,25,79,7.1
jackfruit,66,33,35,26,74,6.1
jackfruit,74,34,32,33,75,6.5
jackfruit,71,44,37,29,79,7
jackfruit,50,41,39,40,77,6.4
jackfruit,41,44,37,33,80,7.4
jackfruit,72,41,36,31,78,6.8
jackfruit,60,22,39,27,73,6.7
jackfruit,64,27,29,25,75,7
jackfruit,35,22,35,38,72,7.3
jackfruit,56,35,30,37,72,6.9
jackfruit,58,37,37,26,74,7.1
jackfruit,48,30,31,31,80,7.3
jackfruit,59,39,32,40,80,7
jackfruit,71,40,29,39,72,6.2
jackfruit,62,42,33,41,78,6.4
jackfruit,56,37,37,37,74,6.9
jackfruit,62,35,35,23,74,6.8
jackfruit,54,20,34,29,68,6.4
chana,33,61,66,27,58,5.9
chana,16,64,73,26,63,5.3
chana,32,47,74,34,58,4.4
chana,15,61,74,28,63,4.8
chana,29,56,66,29,60,5.6
chana,25,62,70,34,61,4.4
chana,51,59,73,34,60,4.6
chana,52,59,73,33,57,6
chana,35,51,64,27,64,5.4
chana,21,63,70,26,59,7.2
chana,51,55,68,32,56,7.1
chana,38,66,71,30,62,7.5
chana,21,66,78,31,64,6.9
chana,37,52,79,28,64,6
chana,20,66,79,30,60,6.4
chana,34,61,71,32,65,7.2
chana,30,67,75,28,58,6
chana,56,64,78,33,58,6.2
chana,57,64,78,29,60,7.6
chana,40,56,69,28,60,7
chana,26,68,75,28,63,8.8
chana,56,60,73,28,56,8.7
chana,41,60,73,30,64,8
chana,56,57,75,27,63,6.5
chana,21,56,79,30,64,8.5
chana,25,56,71,29,57,6.6
chana,26,66,78,25,57,6.5
chana,48,50,70,35,62,8
chana,37,65,78,25,61,8.1
chana,23,72,70,32,63,7.2
chana,29,64,71,34,60,6.5
chana,24,74,77,25,64,7.5
chana,23,62,71,32,56,7.7
chana,29,72,70,35,64,8.5
chana,58,62,77,32,59,6.6
chana,57,56,77,27,64,8.1
chana,20,61,72,26,62,6.2
chana,34,59,74,30,63,6.1
chana,57,54,78,32,55,7.7
chana,52,71,79,30,63,7.8
chana,41,62,75,27,64,6.8
chana,26,70,76,35,63,6.7
chana,40,73,79,33,57,6.1
chana,30,54,77,29,58,8.8
chana,20,72,70,31,59,8.6
chana,29,73,69,26,58,8.2
chana,26,52,75,34,59,6.2
chana,55,52,71,35,65,8
chana,47,49,72,29,58,7.9
chana,44,70,71,29,60,7
chana,52,55,71,29,63,6.2
chana,36,54,70,28,61,8.9
chana,57,49,73,33,65,8.8
chana,34,70,69,34,64,8.7
chana,55,62,75,30,65,8.1
chana,33,60,75,30,55,6.1
chana,33,58,72,27,61,7.5
chana,50,54,73,31,63,8.4
chana,25,70,77,32,60,6.3
chana,55,54,78,29,62,6.6
chana,50,62,72,29,60,6.9
chana,41,73,73,28,59,7.8
chana,42,68,79,28,57,7.2
chana,22,49,72,31,59,6.7
chana,27,71,69,25,56,7.8
chana,18,54,72,33,57,6.4
chana,54,61,72,34,55,8.3
chana,35,60,79,33,62,6.5
chana,47,65,70,27,63,6.6
chana,57,63,74,26,58,8.2
chana,18,73,71,30,65,7.7
chana,22,50,79,28,59,6.6
chana,49,66,69,28,64,7.1
chana,55,67,79,29,56,7.4
chana,20,58,76,27,60,6.5
chana,50,67,73,33,57,7.8
chana,27,69,69,26,64,7.1
chana,42,53,72,30,60,7.6
chana,39,63,76,27,59,6.7
chana,50,50,79,34,62,6.8
chana,32,70,74,31,60,8
chana,40,68,77,29,60,7.6
chana,32,65,73,27,56,7.7
chana,25,67,73,29,61,7.4
chana,28,64,73,26,62,7.3
chana,55,51,69,33,59,7.8
chana,25,73,76,30,61,6.3
chana,30,65,79,33,61,6.4
chana,29,70,76,32,58,7.6
chana,31,69,78,30,62,7.2
chana,45,74,71,29,61,7.6
chana,52,56,74,30,62,7.5
chana,45,73,72,32,63,6.6
chana,33,51,77,30,55,7.5
chana,51,67,71,33,59,7.3
chana,43,55,72,31,61,6.5
chana,35,72,73,28,58,7.8
chana,28,69,75,33,59,6.4
chana,35,49,76,33,57,8.4
chana,51,59,70,35,63,8.7
chana,20,54,79,36,64,7.8
sitaphal,28,36,18,29,53,5.7
sitaphal,43,12,19,28,51,6.8
sitaphal,33,19,12,29,48,6.6
sitaphal,13,22,15,29,51,7.1
sitaphal,26,13,15,29,56,6.4
sitaphal,32,33,16,29,48,5.4
sitaphal,11,29,21,28,46,6.7
sitaphal,6,24,20,28,59,6.5
sitaphal,45,30,20,28,46,6.5
sitaphal,19,29,12,30,65,6.7
sitaphal,27,23,21,27,51,6.8
sitaphal,25,33,15,29,48,6.4
sitaphal,40,9,16,30,53,7.5
sitaphal,30,16,9,28,47,7.3
sitaphal,10,19,12,29,51,7.8
sitaphal,23,10,12,30,58,7.1
sitaphal,29,30,13,29,63,6.1
sitaphal,8,26,18,28,48,7.4
sitaphal,3,21,17,29,56,7.2
sitaphal,42,27,17,30,53,7.2
sitaphal,16,26,9,30,53,7.4
sitaphal,24,20,18,28,56,7.5
sitaphal,36,15,11,29,47,6.8
sitaphal,9,12,15,30,58,7
sitaphal,22,10,13,29,62,6.1
sitaphal,27,21,9,29,62,6.3
sitaphal,12,14,11,29,48,6.6
sitaphal,34,11,10,27,64,7.2
sitaphal,25,20,8,30,51,7
sitaphal,16,8,11,27,47,7.5
sitaphal,19,11,12,30,47,7.6
sitaphal,7,16,9,30,60,7.6
sitaphal,3,28,17,29,47,6.4
sitaphal,11,10,13,27,62,6.9
sitaphal,7,26,8,28,56,7.5
sitaphal,36,17,11,29,54,7.7
sitaphal,33,10,18,28,48,7.8
sitaphal,24,32,15,28,50,6.4
sitaphal,14,17,8,29,59,7
sitaphal,12,11,18,30,51,8
sitaphal,8,21,17,30,52,7.4
sitaphal,32,28,17,29,61,7.8
sitaphal,36,15,18,27,61,6.1
sitaphal,11,19,9,27,57,7.1
sitaphal,18,17,11,29,58,6.2
sitaphal,19,10,11,28,59,6.4
sitaphal,3,15,10,29,56,7
sitaphal,8,28,9,28,50,6
sitaphal,9,11,14,29,50,6.6
sitaphal,13,8,8,28,48,7.8
sitaphal,4,20,9,29,51,6.8
sitaphal,4,33,13,29,57,7.3
sitaphal,3,26,18,27,51,7.6
sitaphal,27,30,12,27,46,6.2
sitaphal,39,14,16,30,53,7.2
sitaphal,43,24,11,30,50,7.4
sitaphal,43,25,9,30,56,6.5
sitaphal,35,21,16,28,63,6
sitaphal,12,13,13,30,64,6
sitaphal,16,19,11,28,49,7
sitaphal,18,12,14,30,48,7.9
sitaphal,32,14,8,29,52,7.6
sitaphal,4,18,12,29,54,7.5
sitaphal,21,8,14,28,53,6.3
sitaphal,17,25,12,28,50,6.5
sitaphal,36,18,10,29,55,7.7
sitaphal,7,9,10,29,65,6.7
sitaphal,20,19,17,27,49,6.6
sitaphal,15,23,13,28,59,6.5
sitaphal,37,32,11,28,60,6.5
sitaphal,42,31,13,29,58,7.2
sitaphal,34,28,15,29,63,7
sitaphal,15,9,11,29,48,6.4
sitaphal,15,32,16,29,60,7.6
sitaphal,29,14,14,29,49,7.6
sitaphal,22,27,18,29,64,7.1
sitaphal,42,24,12,29,48,6.4
sitaphal,19,32,16,28,62,6.2
sitaphal,39,32,16,28,64,7.8
sitaphal,40,26,15,30,64,6.4
sitaphal,42,12,18,29,54,8
sitaphal,34,8,17,29,65,6.6
sitaphal,21,15,11,28,46,6.2
sitaphal,23,23,13,28,52,7
sitaphal,8,11,8,27,46,6.6
sitaphal,23,11,15,29,54,7.3
sitaphal,28,24,14,29,53,6.5
sitaphal,17,22,17,27,57,6.7
sitaphal,40,21,15,30,48,7.4
sitaphal,29,18,9,29,61,6.9
sitaphal,16,25,8,29,50,7.8
sitaphal,35,28,12,27,58,7.8
sitaphal,22,10,12,29,52,7
sitaphal,31,10,12,27,45,6.7
sitaphal,27,33,14,28,49,6.6
sitaphal,10,20,13,28,62,6.5
sitaphal,21,26,11,29,52,6.4
sitaphal,10,23,15,28,63,6.5
sitaphal,23,26,14,30,47,6.4
sitaphal,21,17,14,30,56,6.6
sitaphal,37,14,13,29,64,7.4
coconut,27,39,38,27,88,5.3
coconut,46,32,37,26,90,4.6
coconut,22,37,42,28,91,4.6
coconut,11,30,44,25,87,5.2
coconut,19,27,44,28,95,5.3
coconut,16,20,41,29,90,4.4
coconut,48,14,40,27,89,4.5
coconut,43,15,36,26,86,4.8
coconut,40,39,38,27,86,4.5
coconut,34,16,44,28,94,4.5
coconut,25,27,35,28,87,4.5
coconut,23,35,34,28,92,6.4
coconut,42,28,33,27,92,5.7
coconut,18,33,38,28,95,5.7
coconut,7,26,40,26,95,6.3
coconut,15,23,40,27,91,6.4
coconut,12,16,37,26,93,5.5
coconut,44,10,36,26,89,5.6
coconut,39,11,32,28,90,5.9
coconut,36,35,34,29,87,5.6
coconut,30,12,40,27,92,5.6
coconut,21,23,31,28,85,5.6
coconut,31,15,38,28,89,6.1
coconut,32,13,37,28,91,5.6
coconut,42,23,35,29,89,6.4
coconut,24,20,39,27,91,5.7
coconut,5,24,38,28,92,6.2
coconut,36,25,31,29,92,6.4
coconut,14,22,37,30,92,5.8
coconut,27,16,34,27,92,6
coconut,36,11,31,29,87,5.7
coconut,39,11,35,25,89,6
coconut,29,11,37,27,87,6.4
coconut,6,13,31,28,89,5.6
coconut,36,18,38,29,88,5.9
coconut,15,14,33,28,87,6.3
coconut,41,32,31,29,89,6.3
coconut,43,29,38,25,93,6
coconut,16,11,30,26,94,6.1
coconut,21,19,35,30,87,6.4
coconut,38,19,40,29,87,6
coconut,21,11,34,28,93,5.9
coconut,37,16,36,29,89,6.2
coconut,43,19,35,25,91,5.6
coconut,13,11,38,30,86,6.1
coconut,28,11,38,28,90,6
coconut,34,30,40,27,94,5.5
coconut,29,19,38,25,91,6.4
coconut,37,17,35,29,91,5.6
coconut,35,30,36,27,86,5.8
coconut,19,26,40,26,92,6.1
coconut,32,27,34,28,88,6
coconut,45,10,34,26,90,5.8
coconut,22,16,37,29,90,5.6
coconut,35,35,40,27,90,6
coconut,33,15,35,27,87,6.3
coconut,44,12,34,28,90,6.4
coconut,37,25,40,28,94,5.6
coconut,12,20,37,30,88,6.2
coconut,34,22,34,29,90,6
coconut,39,20,39,25,88,5.7
coconut,19,28,30,27,87,5.6
coconut,23,24,34,29,86,6.2
coconut,12,26,40,28,91,5.8
coconut,29,32,39,27,95,6.2
coconut,44,34,34,29,95,6.1
coconut,34,13,33,27,92,6.1
coconut,15,29,32,30,91,5.7
coconut,5,34,37,26,87,5.9
coconut,37,16,36,26,87,6.5
coconut,42,15,37,27,88,6.2
coconut,25,34,32,27,91,6.1
coconut,36,34,40,29,86,6.1
coconut,22,35,32,26,87,5.9
coconut,6,17,35,25,90,5.6
coconut,11,18,34,26,92,5.8
coconut,20,33,37,29,91,6.2
coconut,32,29,34,26,92,6.1
coconut,8,28,35,26,90,6.1
coconut,13,31,31,26,90,5.7
coconut,25,33,31,28,91,5.6
coconut,31,23,32,30,87,5.8
coconut,6,11,40,30,91,6.2
coconut,32,35,36,26,89,5.7
coconut,28,12,39,26,90,5.9
coconut,5,31,36,27,87,5.6
coconut,43,11,30,29,93,6.2
coconut,30,17,31,26,92,6.4
coconut,45,10,37,26,90,6
coconut,5,24,36,28,95,6.3
coconut,31,14,37,28,93,6.5
coconut,40,35,39,26,95,6.1
coconut,24,35,35,27,95,5.8
coconut,36,18,38,29,86,6.3
coconut,22,34,31,26,94,6.1
coconut,7,35,35,28,91,6.3
coconut,35,18,30,29,88,6.4
coconut,13,20,38,26,89,5.5
coconut,23,17,40,26,89,6.3
coconut,13,33,35,27,94,6
coconut,45,27,34,24,68,5.7
